[
    {
        "time": "42",
        "pc": "0x00003004",
        "RegWrite": true,
        "MemWrite": false,
        "RegAddr": " 1",
        "RegData": "0x0000fffc"
    },
    {
        "time": "46",
        "pc": "0x00003008",
        "RegWrite": true,
        "MemWrite": false,
        "RegAddr": " 8",
        "RegData": "0x7fff0000"
    },
    {
        "time": "50",
        "pc": "0x0000300c",
        "RegWrite": true,
        "MemWrite": false,
        "RegAddr": " 9",
        "RegData": "0xffff0000"
    },
    {
        "time": "54",
        "pc": "0x00003010",
        "RegWrite": true,
        "MemWrite": false,
        "RegAddr": "10",
        "RegData": "0x7ffe0000"
    },
    {
        "time": "74",
        "pc": "0x00004180",
        "RegWrite": true,
        "MemWrite": false,
        "RegAddr": "26",
        "RegData": "0x00000030"
    },
    {
        "time": "78",
        "pc": "0x00004184",
        "RegWrite": true,
        "MemWrite": false,
        "RegAddr": "26",
        "RegData": "0x00003014"
    },
    {
        "time": "86",
        "pc": "0x00004188",
        "RegWrite": true,
        "MemWrite": false,
        "RegAddr": "26",
        "RegData": "0x00003014"
    },
    {
        "time": "90",
        "pc": "0x0000418c",
        "RegWrite": true,
        "MemWrite": false,
        "RegAddr": "26",
        "RegData": "0x00003018"
    },
    {
        "time": "114",
        "pc": "0x00003018",
        "RegWrite": true,
        "MemWrite": false,
        "RegAddr": "10",
        "RegData": "0x80000000"
    },
    {
        "time": "118",
        "pc": "0x0000301c",
        "RegWrite": true,
        "MemWrite": false,
        "RegAddr": " 9",
        "RegData": "0x7fff0000"
    },
    {
        "time": "138",
        "pc": "0x00004180",
        "RegWrite": true,
        "MemWrite": false,
        "RegAddr": "26",
        "RegData": "0x00000030"
    },
    {
        "time": "142",
        "pc": "0x00004184",
        "RegWrite": true,
        "MemWrite": false,
        "RegAddr": "26",
        "RegData": "0x00003020"
    },
    {
        "time": "150",
        "pc": "0x00004188",
        "RegWrite": true,
        "MemWrite": false,
        "RegAddr": "26",
        "RegData": "0x00003020"
    },
    {
        "time": "154",
        "pc": "0x0000418c",
        "RegWrite": true,
        "MemWrite": false,
        "RegAddr": "26",
        "RegData": "0x00003024"
    },
    {
        "time": "178",
        "pc": "0x00003024",
        "RegWrite": true,
        "MemWrite": false,
        "RegAddr": " 9",
        "RegData": "0x7fffffff"
    },
    {
        "time": "182",
        "pc": "0x00003028",
        "RegWrite": true,
        "MemWrite": false,
        "RegAddr": "10",
        "RegData": "0x7fffffef"
    },
    {
        "time": "202",
        "pc": "0x00004180",
        "RegWrite": true,
        "MemWrite": false,
        "RegAddr": "26",
        "RegData": "0x00000030"
    },
    {
        "time": "206",
        "pc": "0x00004184",
        "RegWrite": true,
        "MemWrite": false,
        "RegAddr": "26",
        "RegData": "0x0000302c"
    },
    {
        "time": "214",
        "pc": "0x00004188",
        "RegWrite": true,
        "MemWrite": false,
        "RegAddr": "26",
        "RegData": "0x0000302c"
    },
    {
        "time": "218",
        "pc": "0x0000418c",
        "RegWrite": true,
        "MemWrite": false,
        "RegAddr": "26",
        "RegData": "0x00003030"
    },
    {
        "time": "258",
        "pc": "0x00004180",
        "RegWrite": true,
        "MemWrite": false,
        "RegAddr": "26",
        "RegData": "0x00000020"
    },
    {
        "time": "262",
        "pc": "0x00004184",
        "RegWrite": true,
        "MemWrite": false,
        "RegAddr": "26",
        "RegData": "0x00003030"
    },
    {
        "time": "270",
        "pc": "0x00004188",
        "RegWrite": true,
        "MemWrite": false,
        "RegAddr": "26",
        "RegData": "0x00003030"
    },
    {
        "time": "274",
        "pc": "0x0000418c",
        "RegWrite": true,
        "MemWrite": false,
        "RegAddr": "26",
        "RegData": "0x00003034"
    },
    {
        "time": "298",
        "pc": "0x00003034",
        "RegWrite": true,
        "MemWrite": false,
        "RegAddr": " 9",
        "RegData": "0x7fff0000"
    },
    {
        "time": "302",
        "pc": "0x00003038",
        "RegWrite": true,
        "MemWrite": false,
        "RegAddr": "31",
        "RegData": "0x00003040"
    },
    {
        "time": "306",
        "pc": "0x0000303c",
        "RegWrite": true,
        "MemWrite": false,
        "RegAddr": "31",
        "RegData": "0x7fff3040"
    },
    {
        "time": "338",
        "pc": "0x00004180",
        "RegWrite": true,
        "MemWrite": false,
        "RegAddr": "26",
        "RegData": "0x00000010"
    },
    {
        "time": "342",
        "pc": "0x00004184",
        "RegWrite": true,
        "MemWrite": false,
        "RegAddr": "26",
        "RegData": "0x7fff3040"
    },
    {
        "time": "350",
        "pc": "0x00004188",
        "RegWrite": true,
        "MemWrite": false,
        "RegAddr": "26",
        "RegData": "0x00003040"
    },
    {
        "time": "354",
        "pc": "0x0000418c",
        "RegWrite": true,
        "MemWrite": false,
        "RegAddr": "26",
        "RegData": "0x00003044"
    },
    {
        "time": "382",
        "pc": "0x00003048",
        "RegWrite": true,
        "MemWrite": false,
        "RegAddr": "31",
        "RegData": "0x00003050"
    },
    {
        "time": "386",
        "pc": "0x0000304c",
        "RegWrite": true,
        "MemWrite": false,
        "RegAddr": "31",
        "RegData": "0x00003051"
    },
    {
        "time": "418",
        "pc": "0x00004180",
        "RegWrite": true,
        "MemWrite": false,
        "RegAddr": "26",
        "RegData": "0x00000010"
    },
    {
        "time": "422",
        "pc": "0x00004184",
        "RegWrite": true,
        "MemWrite": false,
        "RegAddr": "26",
        "RegData": "0x00003051"
    },
    {
        "time": "430",
        "pc": "0x00004188",
        "RegWrite": true,
        "MemWrite": false,
        "RegAddr": "26",
        "RegData": "0x00003050"
    },
    {
        "time": "434",
        "pc": "0x0000418c",
        "RegWrite": true,
        "MemWrite": false,
        "RegAddr": "26",
        "RegData": "0x00003054"
    },
    {
        "time": "462",
        "pc": "0x00003058",
        "RegWrite": true,
        "MemWrite": false,
        "RegAddr": " 8",
        "RegData": "0x00007f00"
    },
    {
        "time": "466",
        "pc": "0x0000305c",
        "RegWrite": true,
        "MemWrite": false,
        "RegAddr": "10",
        "RegData": "0x00007f20"
    },
    {
        "time": "466",
        "pc": "0x00003060",
        "MemWrite": true,
        "RegWrite": false,
        "MemAddr": "0x00000000",
        "MemData": "0x00007f00"
    },
    {
        "time": "474",
        "pc": "0x00003064",
        "RegWrite": true,
        "MemWrite": false,
        "RegAddr": " 8",
        "RegData": "0x00007f00"
    },
    {
        "time": "494",
        "pc": "0x00004180",
        "RegWrite": true,
        "MemWrite": false,
        "RegAddr": "26",
        "RegData": "0x00000010"
    },
    {
        "time": "498",
        "pc": "0x00004184",
        "RegWrite": true,
        "MemWrite": false,
        "RegAddr": "26",
        "RegData": "0x00003068"
    },
    {
        "time": "506",
        "pc": "0x00004188",
        "RegWrite": true,
        "MemWrite": false,
        "RegAddr": "26",
        "RegData": "0x00003068"
    },
    {
        "time": "510",
        "pc": "0x0000418c",
        "RegWrite": true,
        "MemWrite": false,
        "RegAddr": "26",
        "RegData": "0x0000306c"
    },
    {
        "time": "550",
        "pc": "0x00004180",
        "RegWrite": true,
        "MemWrite": false,
        "RegAddr": "26",
        "RegData": "0x00000010"
    },
    {
        "time": "554",
        "pc": "0x00004184",
        "RegWrite": true,
        "MemWrite": false,
        "RegAddr": "26",
        "RegData": "0x0000306c"
    },
    {
        "time": "562",
        "pc": "0x00004188",
        "RegWrite": true,
        "MemWrite": false,
        "RegAddr": "26",
        "RegData": "0x0000306c"
    },
    {
        "time": "566",
        "pc": "0x0000418c",
        "RegWrite": true,
        "MemWrite": false,
        "RegAddr": "26",
        "RegData": "0x00003070"
    },
    {
        "time": "606",
        "pc": "0x00004180",
        "RegWrite": true,
        "MemWrite": false,
        "RegAddr": "26",
        "RegData": "0x00000010"
    },
    {
        "time": "610",
        "pc": "0x00004184",
        "RegWrite": true,
        "MemWrite": false,
        "RegAddr": "26",
        "RegData": "0x00003070"
    },
    {
        "time": "618",
        "pc": "0x00004188",
        "RegWrite": true,
        "MemWrite": false,
        "RegAddr": "26",
        "RegData": "0x00003070"
    },
    {
        "time": "622",
        "pc": "0x0000418c",
        "RegWrite": true,
        "MemWrite": false,
        "RegAddr": "26",
        "RegData": "0x00003074"
    },
    {
        "time": "662",
        "pc": "0x00004180",
        "RegWrite": true,
        "MemWrite": false,
        "RegAddr": "26",
        "RegData": "0x00000010"
    },
    {
        "time": "666",
        "pc": "0x00004184",
        "RegWrite": true,
        "MemWrite": false,
        "RegAddr": "26",
        "RegData": "0x00003074"
    },
    {
        "time": "674",
        "pc": "0x00004188",
        "RegWrite": true,
        "MemWrite": false,
        "RegAddr": "26",
        "RegData": "0x00003074"
    },
    {
        "time": "678",
        "pc": "0x0000418c",
        "RegWrite": true,
        "MemWrite": false,
        "RegAddr": "26",
        "RegData": "0x00003078"
    },
    {
        "time": "718",
        "pc": "0x00004180",
        "RegWrite": true,
        "MemWrite": false,
        "RegAddr": "26",
        "RegData": "0x00000010"
    },
    {
        "time": "722",
        "pc": "0x00004184",
        "RegWrite": true,
        "MemWrite": false,
        "RegAddr": "26",
        "RegData": "0x00003078"
    },
    {
        "time": "730",
        "pc": "0x00004188",
        "RegWrite": true,
        "MemWrite": false,
        "RegAddr": "26",
        "RegData": "0x00003078"
    },
    {
        "time": "734",
        "pc": "0x0000418c",
        "RegWrite": true,
        "MemWrite": false,
        "RegAddr": "26",
        "RegData": "0x0000307c"
    },
    {
        "time": "774",
        "pc": "0x00004180",
        "RegWrite": true,
        "MemWrite": false,
        "RegAddr": "26",
        "RegData": "0x00000010"
    },
    {
        "time": "778",
        "pc": "0x00004184",
        "RegWrite": true,
        "MemWrite": false,
        "RegAddr": "26",
        "RegData": "0x0000307c"
    },
    {
        "time": "786",
        "pc": "0x00004188",
        "RegWrite": true,
        "MemWrite": false,
        "RegAddr": "26",
        "RegData": "0x0000307c"
    },
    {
        "time": "790",
        "pc": "0x0000418c",
        "RegWrite": true,
        "MemWrite": false,
        "RegAddr": "26",
        "RegData": "0x00003080"
    },
    {
        "time": "830",
        "pc": "0x00004180",
        "RegWrite": true,
        "MemWrite": false,
        "RegAddr": "26",
        "RegData": "0x00000010"
    },
    {
        "time": "834",
        "pc": "0x00004184",
        "RegWrite": true,
        "MemWrite": false,
        "RegAddr": "26",
        "RegData": "0x00003080"
    },
    {
        "time": "842",
        "pc": "0x00004188",
        "RegWrite": true,
        "MemWrite": false,
        "RegAddr": "26",
        "RegData": "0x00003080"
    },
    {
        "time": "846",
        "pc": "0x0000418c",
        "RegWrite": true,
        "MemWrite": false,
        "RegAddr": "26",
        "RegData": "0x00003084"
    },
    {
        "time": "870",
        "pc": "0x00003084",
        "RegWrite": true,
        "MemWrite": false,
        "RegAddr": " 9",
        "RegData": "0x00000000"
    },
    {
        "time": "874",
        "pc": "0x00003088",
        "RegWrite": true,
        "MemWrite": false,
        "RegAddr": " 8",
        "RegData": "0x00007f04"
    },
    {
        "time": "890",
        "pc": "0x00003084",
        "RegWrite": true,
        "MemWrite": false,
        "RegAddr": " 9",
        "RegData": "0x00000000"
    },
    {
        "time": "894",
        "pc": "0x00003088",
        "RegWrite": true,
        "MemWrite": false,
        "RegAddr": " 8",
        "RegData": "0x00007f08"
    },
    {
        "time": "910",
        "pc": "0x00003084",
        "RegWrite": true,
        "MemWrite": false,
        "RegAddr": " 9",
        "RegData": "0x00000000"
    },
    {
        "time": "914",
        "pc": "0x00003088",
        "RegWrite": true,
        "MemWrite": false,
        "RegAddr": " 8",
        "RegData": "0x00007f0c"
    },
    {
        "time": "930",
        "pc": "0x00003084",
        "RegWrite": true,
        "MemWrite": false,
        "RegAddr": " 9",
        "RegData": "0xxxxxxxxx"
    },
    {
        "time": "934",
        "pc": "0x00003088",
        "RegWrite": true,
        "MemWrite": false,
        "RegAddr": " 8",
        "RegData": "0x00007f10"
    },
    {
        "time": "950",
        "pc": "0x00003084",
        "RegWrite": true,
        "MemWrite": false,
        "RegAddr": " 9",
        "RegData": "0x00000000"
    },
    {
        "time": "954",
        "pc": "0x00003088",
        "RegWrite": true,
        "MemWrite": false,
        "RegAddr": " 8",
        "RegData": "0x00007f14"
    },
    {
        "time": "970",
        "pc": "0x00003084",
        "RegWrite": true,
        "MemWrite": false,
        "RegAddr": " 9",
        "RegData": "0x00000000"
    },
    {
        "time": "974",
        "pc": "0x00003088",
        "RegWrite": true,
        "MemWrite": false,
        "RegAddr": " 8",
        "RegData": "0x00007f18"
    },
    {
        "time": "990",
        "pc": "0x00003084",
        "RegWrite": true,
        "MemWrite": false,
        "RegAddr": " 9",
        "RegData": "0x00000000"
    },
    {
        "time": "994",
        "pc": "0x00003088",
        "RegWrite": true,
        "MemWrite": false,
        "RegAddr": " 8",
        "RegData": "0x00007f1c"
    },
    {
        "time": "1010",
        "pc": "0x00003084",
        "RegWrite": true,
        "MemWrite": false,
        "RegAddr": " 9",
        "RegData": "0xxxxxxxxx"
    },
    {
        "time": "1014",
        "pc": "0x00003088",
        "RegWrite": true,
        "MemWrite": false,
        "RegAddr": " 8",
        "RegData": "0x00007f20"
    },
    {
        "time": "1030",
        "pc": "0x00003094",
        "RegWrite": true,
        "MemWrite": false,
        "RegAddr": " 8",
        "RegData": "0x00003000"
    },
    {
        "time": "1050",
        "pc": "0x00004180",
        "RegWrite": true,
        "MemWrite": false,
        "RegAddr": "26",
        "RegData": "0x00000010"
    },
    {
        "time": "1054",
        "pc": "0x00004184",
        "RegWrite": true,
        "MemWrite": false,
        "RegAddr": "26",
        "RegData": "0x00003098"
    },
    {
        "time": "1062",
        "pc": "0x00004188",
        "RegWrite": true,
        "MemWrite": false,
        "RegAddr": "26",
        "RegData": "0x00003098"
    },
    {
        "time": "1066",
        "pc": "0x0000418c",
        "RegWrite": true,
        "MemWrite": false,
        "RegAddr": "26",
        "RegData": "0x0000309c"
    },
    {
        "time": "1090",
        "pc": "0x0000309c",
        "RegWrite": true,
        "MemWrite": false,
        "RegAddr": " 8",
        "RegData": "0x7fff0000"
    },
    {
        "time": "1094",
        "pc": "0x000030a0",
        "RegWrite": true,
        "MemWrite": false,
        "RegAddr": " 8",
        "RegData": "0x7fffffff"
    },
    {
        "time": "1114",
        "pc": "0x00004180",
        "RegWrite": true,
        "MemWrite": false,
        "RegAddr": "26",
        "RegData": "0x00000010"
    },
    {
        "time": "1118",
        "pc": "0x00004184",
        "RegWrite": true,
        "MemWrite": false,
        "RegAddr": "26",
        "RegData": "0x000030a4"
    },
    {
        "time": "1126",
        "pc": "0x00004188",
        "RegWrite": true,
        "MemWrite": false,
        "RegAddr": "26",
        "RegData": "0x000030a4"
    },
    {
        "time": "1130",
        "pc": "0x0000418c",
        "RegWrite": true,
        "MemWrite": false,
        "RegAddr": "26",
        "RegData": "0x000030a8"
    },
    {
        "time": "1170",
        "pc": "0x00004180",
        "RegWrite": true,
        "MemWrite": false,
        "RegAddr": "26",
        "RegData": "0x00000010"
    },
    {
        "time": "1174",
        "pc": "0x00004184",
        "RegWrite": true,
        "MemWrite": false,
        "RegAddr": "26",
        "RegData": "0x000030a8"
    },
    {
        "time": "1182",
        "pc": "0x00004188",
        "RegWrite": true,
        "MemWrite": false,
        "RegAddr": "26",
        "RegData": "0x000030a8"
    },
    {
        "time": "1186",
        "pc": "0x0000418c",
        "RegWrite": true,
        "MemWrite": false,
        "RegAddr": "26",
        "RegData": "0x000030ac"
    },
    {
        "time": "1226",
        "pc": "0x00004180",
        "RegWrite": true,
        "MemWrite": false,
        "RegAddr": "26",
        "RegData": "0x00000014"
    },
    {
        "time": "1230",
        "pc": "0x00004184",
        "RegWrite": true,
        "MemWrite": false,
        "RegAddr": "26",
        "RegData": "0x000030ac"
    },
    {
        "time": "1238",
        "pc": "0x00004188",
        "RegWrite": true,
        "MemWrite": false,
        "RegAddr": "26",
        "RegData": "0x000030ac"
    },
    {
        "time": "1242",
        "pc": "0x0000418c",
        "RegWrite": true,
        "MemWrite": false,
        "RegAddr": "26",
        "RegData": "0x000030b0"
    },
    {
        "time": "1282",
        "pc": "0x00004180",
        "RegWrite": true,
        "MemWrite": false,
        "RegAddr": "26",
        "RegData": "0x00000014"
    },
    {
        "time": "1286",
        "pc": "0x00004184",
        "RegWrite": true,
        "MemWrite": false,
        "RegAddr": "26",
        "RegData": "0x000030b0"
    },
    {
        "time": "1294",
        "pc": "0x00004188",
        "RegWrite": true,
        "MemWrite": false,
        "RegAddr": "26",
        "RegData": "0x000030b0"
    },
    {
        "time": "1298",
        "pc": "0x0000418c",
        "RegWrite": true,
        "MemWrite": false,
        "RegAddr": "26",
        "RegData": "0x000030b4"
    },
    {
        "time": "1338",
        "pc": "0x00004180",
        "RegWrite": true,
        "MemWrite": false,
        "RegAddr": "26",
        "RegData": "0x00000014"
    },
    {
        "time": "1342",
        "pc": "0x00004184",
        "RegWrite": true,
        "MemWrite": false,
        "RegAddr": "26",
        "RegData": "0x000030b4"
    },
    {
        "time": "1350",
        "pc": "0x00004188",
        "RegWrite": true,
        "MemWrite": false,
        "RegAddr": "26",
        "RegData": "0x000030b4"
    },
    {
        "time": "1354",
        "pc": "0x0000418c",
        "RegWrite": true,
        "MemWrite": false,
        "RegAddr": "26",
        "RegData": "0x000030b8"
    },
    {
        "time": "1374",
        "pc": "0x000030b8",
        "MemWrite": true,
        "RegWrite": false,
        "MemAddr": "0x00000004",
        "MemData": "0x00000000"
    },
    {
        "time": "1378",
        "pc": "0x000030bc",
        "MemWrite": true,
        "RegWrite": false,
        "MemAddr": "0x00000004",
        "MemData": "0x00000000"
    },
    {
        "time": "1382",
        "pc": "0x000030c0",
        "MemWrite": true,
        "RegWrite": false,
        "MemAddr": "0x00000004",
        "MemData": "0x00000000"
    },
    {
        "time": "1390",
        "pc": "0x000030c4",
        "RegWrite": true,
        "MemWrite": false,
        "RegAddr": " 8",
        "RegData": "0x00007f00"
    },
    {
        "time": "1410",
        "pc": "0x00004180",
        "RegWrite": true,
        "MemWrite": false,
        "RegAddr": "26",
        "RegData": "0x00000014"
    },
    {
        "time": "1414",
        "pc": "0x00004184",
        "RegWrite": true,
        "MemWrite": false,
        "RegAddr": "26",
        "RegData": "0x000030c8"
    },
    {
        "time": "1422",
        "pc": "0x00004188",
        "RegWrite": true,
        "MemWrite": false,
        "RegAddr": "26",
        "RegData": "0x000030c8"
    },
    {
        "time": "1426",
        "pc": "0x0000418c",
        "RegWrite": true,
        "MemWrite": false,
        "RegAddr": "26",
        "RegData": "0x000030cc"
    },
    {
        "time": "1466",
        "pc": "0x00004180",
        "RegWrite": true,
        "MemWrite": false,
        "RegAddr": "26",
        "RegData": "0x00000014"
    },
    {
        "time": "1470",
        "pc": "0x00004184",
        "RegWrite": true,
        "MemWrite": false,
        "RegAddr": "26",
        "RegData": "0x000030cc"
    },
    {
        "time": "1478",
        "pc": "0x00004188",
        "RegWrite": true,
        "MemWrite": false,
        "RegAddr": "26",
        "RegData": "0x000030cc"
    },
    {
        "time": "1482",
        "pc": "0x0000418c",
        "RegWrite": true,
        "MemWrite": false,
        "RegAddr": "26",
        "RegData": "0x000030d0"
    },
    {
        "time": "1522",
        "pc": "0x00004180",
        "RegWrite": true,
        "MemWrite": false,
        "RegAddr": "26",
        "RegData": "0x00000014"
    },
    {
        "time": "1526",
        "pc": "0x00004184",
        "RegWrite": true,
        "MemWrite": false,
        "RegAddr": "26",
        "RegData": "0x000030d0"
    },
    {
        "time": "1534",
        "pc": "0x00004188",
        "RegWrite": true,
        "MemWrite": false,
        "RegAddr": "26",
        "RegData": "0x000030d0"
    },
    {
        "time": "1538",
        "pc": "0x0000418c",
        "RegWrite": true,
        "MemWrite": false,
        "RegAddr": "26",
        "RegData": "0x000030d4"
    },
    {
        "time": "1578",
        "pc": "0x00004180",
        "RegWrite": true,
        "MemWrite": false,
        "RegAddr": "26",
        "RegData": "0x00000014"
    },
    {
        "time": "1582",
        "pc": "0x00004184",
        "RegWrite": true,
        "MemWrite": false,
        "RegAddr": "26",
        "RegData": "0x000030d4"
    },
    {
        "time": "1590",
        "pc": "0x00004188",
        "RegWrite": true,
        "MemWrite": false,
        "RegAddr": "26",
        "RegData": "0x000030d4"
    },
    {
        "time": "1594",
        "pc": "0x0000418c",
        "RegWrite": true,
        "MemWrite": false,
        "RegAddr": "26",
        "RegData": "0x000030d8"
    },
    {
        "time": "1618",
        "pc": "0x000030d8",
        "RegWrite": true,
        "MemWrite": false,
        "RegAddr": " 9",
        "RegData": "0x00007f30"
    },
    {
        "time": "1626",
        "pc": "0x000030e0",
        "RegWrite": true,
        "MemWrite": false,
        "RegAddr": " 8",
        "RegData": "0x00007f04"
    },
    {
        "time": "1646",
        "pc": "0x000030e0",
        "RegWrite": true,
        "MemWrite": false,
        "RegAddr": " 8",
        "RegData": "0x00007f08"
    },
    {
        "time": "1678",
        "pc": "0x00004180",
        "RegWrite": true,
        "MemWrite": false,
        "RegAddr": "26",
        "RegData": "0x00000014"
    },
    {
        "time": "1682",
        "pc": "0x00004184",
        "RegWrite": true,
        "MemWrite": false,
        "RegAddr": "26",
        "RegData": "0x000030dc"
    },
    {
        "time": "1690",
        "pc": "0x00004188",
        "RegWrite": true,
        "MemWrite": false,
        "RegAddr": "26",
        "RegData": "0x000030dc"
    },
    {
        "time": "1694",
        "pc": "0x0000418c",
        "RegWrite": true,
        "MemWrite": false,
        "RegAddr": "26",
        "RegData": "0x000030e0"
    },
    {
        "time": "1718",
        "pc": "0x000030e0",
        "RegWrite": true,
        "MemWrite": false,
        "RegAddr": " 8",
        "RegData": "0x00007f0c"
    },
    {
        "time": "1738",
        "pc": "0x000030e0",
        "RegWrite": true,
        "MemWrite": false,
        "RegAddr": " 8",
        "RegData": "0x00007f10"
    },
    {
        "time": "1758",
        "pc": "0x000030e0",
        "RegWrite": true,
        "MemWrite": false,
        "RegAddr": " 8",
        "RegData": "0x00007f14"
    },
    {
        "time": "1778",
        "pc": "0x000030e0",
        "RegWrite": true,
        "MemWrite": false,
        "RegAddr": " 8",
        "RegData": "0x00007f18"
    },
    {
        "time": "1810",
        "pc": "0x00004180",
        "RegWrite": true,
        "MemWrite": false,
        "RegAddr": "26",
        "RegData": "0x00000014"
    },
    {
        "time": "1814",
        "pc": "0x00004184",
        "RegWrite": true,
        "MemWrite": false,
        "RegAddr": "26",
        "RegData": "0x000030dc"
    },
    {
        "time": "1822",
        "pc": "0x00004188",
        "RegWrite": true,
        "MemWrite": false,
        "RegAddr": "26",
        "RegData": "0x000030dc"
    },
    {
        "time": "1826",
        "pc": "0x0000418c",
        "RegWrite": true,
        "MemWrite": false,
        "RegAddr": "26",
        "RegData": "0x000030e0"
    },
    {
        "time": "1850",
        "pc": "0x000030e0",
        "RegWrite": true,
        "MemWrite": false,
        "RegAddr": " 8",
        "RegData": "0x00007f1c"
    },
    {
        "time": "1870",
        "pc": "0x000030e0",
        "RegWrite": true,
        "MemWrite": false,
        "RegAddr": " 8",
        "RegData": "0x00007f20"
    },
    {
        "time": "1890",
        "pc": "0x000030e0",
        "RegWrite": true,
        "MemWrite": false,
        "RegAddr": " 8",
        "RegData": "0x00007f24"
    },
    {
        "time": "1922",
        "pc": "0x00004180",
        "RegWrite": true,
        "MemWrite": false,
        "RegAddr": "26",
        "RegData": "0x00000014"
    },
    {
        "time": "1926",
        "pc": "0x00004184",
        "RegWrite": true,
        "MemWrite": false,
        "RegAddr": "26",
        "RegData": "0x000030dc"
    },
    {
        "time": "1934",
        "pc": "0x00004188",
        "RegWrite": true,
        "MemWrite": false,
        "RegAddr": "26",
        "RegData": "0x000030dc"
    },
    {
        "time": "1938",
        "pc": "0x0000418c",
        "RegWrite": true,
        "MemWrite": false,
        "RegAddr": "26",
        "RegData": "0x000030e0"
    },
    {
        "time": "1962",
        "pc": "0x000030e0",
        "RegWrite": true,
        "MemWrite": false,
        "RegAddr": " 8",
        "RegData": "0x00007f28"
    },
    {
        "time": "1994",
        "pc": "0x00004180",
        "RegWrite": true,
        "MemWrite": false,
        "RegAddr": "26",
        "RegData": "0x00000014"
    },
    {
        "time": "1998",
        "pc": "0x00004184",
        "RegWrite": true,
        "MemWrite": false,
        "RegAddr": "26",
        "RegData": "0x000030dc"
    },
    {
        "time": "2006",
        "pc": "0x00004188",
        "RegWrite": true,
        "MemWrite": false,
        "RegAddr": "26",
        "RegData": "0x000030dc"
    },
    {
        "time": "2010",
        "pc": "0x0000418c",
        "RegWrite": true,
        "MemWrite": false,
        "RegAddr": "26",
        "RegData": "0x000030e0"
    },
    {
        "time": "2034",
        "pc": "0x000030e0",
        "RegWrite": true,
        "MemWrite": false,
        "RegAddr": " 8",
        "RegData": "0x00007f2c"
    },
    {
        "time": "2066",
        "pc": "0x00004180",
        "RegWrite": true,
        "MemWrite": false,
        "RegAddr": "26",
        "RegData": "0x00000014"
    },
    {
        "time": "2070",
        "pc": "0x00004184",
        "RegWrite": true,
        "MemWrite": false,
        "RegAddr": "26",
        "RegData": "0x000030dc"
    },
    {
        "time": "2078",
        "pc": "0x00004188",
        "RegWrite": true,
        "MemWrite": false,
        "RegAddr": "26",
        "RegData": "0x000030dc"
    },
    {
        "time": "2082",
        "pc": "0x0000418c",
        "RegWrite": true,
        "MemWrite": false,
        "RegAddr": "26",
        "RegData": "0x000030e0"
    },
    {
        "time": "2106",
        "pc": "0x000030e0",
        "RegWrite": true,
        "MemWrite": false,
        "RegAddr": " 8",
        "RegData": "0x00007f30"
    },
    {
        "time": "2122",
        "pc": "0x000030ec",
        "RegWrite": true,
        "MemWrite": false,
        "RegAddr": " 8",
        "RegData": "0x00003000"
    },
    {
        "time": "2142",
        "pc": "0x00004180",
        "RegWrite": true,
        "MemWrite": false,
        "RegAddr": "26",
        "RegData": "0x00000014"
    },
    {
        "time": "2146",
        "pc": "0x00004184",
        "RegWrite": true,
        "MemWrite": false,
        "RegAddr": "26",
        "RegData": "0x000030f0"
    },
    {
        "time": "2154",
        "pc": "0x00004188",
        "RegWrite": true,
        "MemWrite": false,
        "RegAddr": "26",
        "RegData": "0x000030f0"
    },
    {
        "time": "2158",
        "pc": "0x0000418c",
        "RegWrite": true,
        "MemWrite": false,
        "RegAddr": "26",
        "RegData": "0x000030f4"
    },
    {
        "time": "2182",
        "pc": "0x000030f4",
        "RegWrite": true,
        "MemWrite": false,
        "RegAddr": " 8",
        "RegData": "0x7fff0000"
    },
    {
        "time": "2186",
        "pc": "0x000030f8",
        "RegWrite": true,
        "MemWrite": false,
        "RegAddr": " 8",
        "RegData": "0x7fffffff"
    },
    {
        "time": "2206",
        "pc": "0x00004180",
        "RegWrite": true,
        "MemWrite": false,
        "RegAddr": "26",
        "RegData": "0x00000014"
    },
    {
        "time": "2210",
        "pc": "0x00004184",
        "RegWrite": true,
        "MemWrite": false,
        "RegAddr": "26",
        "RegData": "0x000030fc"
    },
    {
        "time": "2218",
        "pc": "0x00004188",
        "RegWrite": true,
        "MemWrite": false,
        "RegAddr": "26",
        "RegData": "0x000030fc"
    },
    {
        "time": "2222",
        "pc": "0x0000418c",
        "RegWrite": true,
        "MemWrite": false,
        "RegAddr": "26",
        "RegData": "0x00003100"
    },
    {
        "time": "2262",
        "pc": "0x00004180",
        "RegWrite": true,
        "MemWrite": false,
        "RegAddr": "26",
        "RegData": "0x00000014"
    },
    {
        "time": "2266",
        "pc": "0x00004184",
        "RegWrite": true,
        "MemWrite": false,
        "RegAddr": "26",
        "RegData": "0x00003100"
    },
    {
        "time": "2274",
        "pc": "0x00004188",
        "RegWrite": true,
        "MemWrite": false,
        "RegAddr": "26",
        "RegData": "0x00003100"
    },
    {
        "time": "2278",
        "pc": "0x0000418c",
        "RegWrite": true,
        "MemWrite": false,
        "RegAddr": "26",
        "RegData": "0x00003104"
    },
    {
        "time": "2302",
        "pc": "0x00003104",
        "RegWrite": true,
        "MemWrite": false,
        "RegAddr": " 8",
        "RegData": "0x7fff0000"
    },
    {
        "time": "2306",
        "pc": "0x00003108",
        "RegWrite": true,
        "MemWrite": false,
        "RegAddr": " 9",
        "RegData": "0x7fffffff"
    },
    {
        "time": "2326",
        "pc": "0x00004180",
        "RegWrite": true,
        "MemWrite": false,
        "RegAddr": "26",
        "RegData": "0x00000014"
    },
    {
        "time": "2330",
        "pc": "0x00004184",
        "RegWrite": true,
        "MemWrite": false,
        "RegAddr": "26",
        "RegData": "0x0000310c"
    },
    {
        "time": "2338",
        "pc": "0x00004188",
        "RegWrite": true,
        "MemWrite": false,
        "RegAddr": "26",
        "RegData": "0x0000310c"
    },
    {
        "time": "2342",
        "pc": "0x0000418c",
        "RegWrite": true,
        "MemWrite": false,
        "RegAddr": "26",
        "RegData": "0x00003110"
    },
    {
        "time": "2382",
        "pc": "0x00004180",
        "RegWrite": true,
        "MemWrite": false,
        "RegAddr": "26",
        "RegData": "0x00000030"
    },
    {
        "time": "2386",
        "pc": "0x00004184",
        "RegWrite": true,
        "MemWrite": false,
        "RegAddr": "26",
        "RegData": "0x00003110"
    },
    {
        "time": "2394",
        "pc": "0x00004188",
        "RegWrite": true,
        "MemWrite": false,
        "RegAddr": "26",
        "RegData": "0x00003110"
    },
    {
        "time": "2398",
        "pc": "0x0000418c",
        "RegWrite": true,
        "MemWrite": false,
        "RegAddr": "26",
        "RegData": "0x00003114"
    },
    {
        "time": "2438",
        "pc": "0x00004180",
        "RegWrite": true,
        "MemWrite": false,
        "RegAddr": "26",
        "RegData": "0x00000020"
    },
    {
        "time": "2442",
        "pc": "0x00004184",
        "RegWrite": true,
        "MemWrite": false,
        "RegAddr": "26",
        "RegData": "0x00003114"
    },
    {
        "time": "2450",
        "pc": "0x00004188",
        "RegWrite": true,
        "MemWrite": false,
        "RegAddr": "26",
        "RegData": "0x00003114"
    },
    {
        "time": "2454",
        "pc": "0x0000418c",
        "RegWrite": true,
        "MemWrite": false,
        "RegAddr": "26",
        "RegData": "0x00003118"
    },
    {
        "time": "2494",
        "pc": "0x00004180",
        "RegWrite": true,
        "MemWrite": false,
        "RegAddr": "26",
        "RegData": "0x00000014"
    },
    {
        "time": "2498",
        "pc": "0x00004184",
        "RegWrite": true,
        "MemWrite": false,
        "RegAddr": "26",
        "RegData": "0x00003118"
    },
    {
        "time": "2506",
        "pc": "0x00004188",
        "RegWrite": true,
        "MemWrite": false,
        "RegAddr": "26",
        "RegData": "0x00003118"
    },
    {
        "time": "2510",
        "pc": "0x0000418c",
        "RegWrite": true,
        "MemWrite": false,
        "RegAddr": "26",
        "RegData": "0x0000311c"
    },
    {
        "time": "2550",
        "pc": "0x00004180",
        "RegWrite": true,
        "MemWrite": false,
        "RegAddr": "26",
        "RegData": "0x00000030"
    },
    {
        "time": "2554",
        "pc": "0x00004184",
        "RegWrite": true,
        "MemWrite": false,
        "RegAddr": "26",
        "RegData": "0x0000311c"
    },
    {
        "time": "2562",
        "pc": "0x00004188",
        "RegWrite": true,
        "MemWrite": false,
        "RegAddr": "26",
        "RegData": "0x0000311c"
    },
    {
        "time": "2566",
        "pc": "0x0000418c",
        "RegWrite": true,
        "MemWrite": false,
        "RegAddr": "26",
        "RegData": "0x00003120"
    },
    {
        "time": "2610",
        "pc": "0x00004180",
        "RegWrite": true,
        "MemWrite": false,
        "RegAddr": "26",
        "RegData": "0x00000014"
    },
    {
        "time": "2614",
        "pc": "0x00004184",
        "RegWrite": true,
        "MemWrite": false,
        "RegAddr": "26",
        "RegData": "0x00003124"
    },
    {
        "time": "2622",
        "pc": "0x00004188",
        "RegWrite": true,
        "MemWrite": false,
        "RegAddr": "26",
        "RegData": "0x00003124"
    },
    {
        "time": "2626",
        "pc": "0x0000418c",
        "RegWrite": true,
        "MemWrite": false,
        "RegAddr": "26",
        "RegData": "0x00003128"
    },
    {
        "time": "2650",
        "pc": "0x00003128",
        "RegWrite": true,
        "MemWrite": false,
        "RegAddr": " 9",
        "RegData": "0x7fffffff"
    },
    {
        "time": "2670",
        "pc": "0x00004180",
        "RegWrite": true,
        "MemWrite": false,
        "RegAddr": "26",
        "RegData": "0x00000020"
    },
    {
        "time": "2674",
        "pc": "0x00004184",
        "RegWrite": true,
        "MemWrite": false,
        "RegAddr": "26",
        "RegData": "0x0000312c"
    },
    {
        "time": "2682",
        "pc": "0x00004188",
        "RegWrite": true,
        "MemWrite": false,
        "RegAddr": "26",
        "RegData": "0x0000312c"
    },
    {
        "time": "2686",
        "pc": "0x0000418c",
        "RegWrite": true,
        "MemWrite": false,
        "RegAddr": "26",
        "RegData": "0x00003130"
    },
    {
        "time": "2706",
        "pc": "0x00003130",
        "MemWrite": true,
        "RegWrite": false,
        "MemAddr": "0x00000000",
        "MemData": "0x00000000"
    },
    {
        "time": "2730",
        "pc": "0x00004180",
        "RegWrite": true,
        "MemWrite": false,
        "RegAddr": "26",
        "RegData": "0x00000030"
    },
    {
        "time": "2734",
        "pc": "0x00004184",
        "RegWrite": true,
        "MemWrite": false,
        "RegAddr": "26",
        "RegData": "0x00003134"
    },
    {
        "time": "2742",
        "pc": "0x00004188",
        "RegWrite": true,
        "MemWrite": false,
        "RegAddr": "26",
        "RegData": "0x00003134"
    },
    {
        "time": "2746",
        "pc": "0x0000418c",
        "RegWrite": true,
        "MemWrite": false,
        "RegAddr": "26",
        "RegData": "0x00003138"
    },
    {
        "time": "2786",
        "pc": "0x00004180",
        "RegWrite": true,
        "MemWrite": false,
        "RegAddr": "26",
        "RegData": "0x00000020"
    },
    {
        "time": "2790",
        "pc": "0x00004184",
        "RegWrite": true,
        "MemWrite": false,
        "RegAddr": "26",
        "RegData": "0x00003138"
    },
    {
        "time": "2798",
        "pc": "0x00004188",
        "RegWrite": true,
        "MemWrite": false,
        "RegAddr": "26",
        "RegData": "0x00003138"
    },
    {
        "time": "2802",
        "pc": "0x0000418c",
        "RegWrite": true,
        "MemWrite": false,
        "RegAddr": "26",
        "RegData": "0x0000313c"
    },
    {
        "time": "2826",
        "pc": "0x0000313c",
        "RegWrite": true,
        "MemWrite": false,
        "RegAddr": " 8",
        "RegData": "0x80000000"
    },
    {
        "time": "2830",
        "pc": "0x00003140",
        "RegWrite": true,
        "MemWrite": false,
        "RegAddr": " 9",
        "RegData": "0x80000000"
    }
]